{
	"class_name" : "PinholeCameraParameters",
	"extrinsic" : 
	[
		0.87324526425471105,
		-0.23958552164308319,
		0.42431295793992868,
		0.0,
		0.12472869780141421,
		0.95166865550590718,
		0.2806590851412839,
		0.0,
		-0.47104719551387153,
		-0.19216021426557237,
		0.86092333668679577,
		0.0,
		-1.4427906390879766,
		-0.7086886750307162,
		1.1326528527256849,
		1.0
	],
	"intrinsic" : 
	{
		"height" : 1009,
		"intrinsic_matrix" : 
		[
			873.8196324184986,
			0.0,
			0.0,
			0.0,
			873.8196324184986,
			0.0,
			959.5,
			504.0,
			1.0
		],
		"width" : 1920
	},
	"version_major" : 1,
	"version_minor" : 0
}