{
	"class_name" : "PinholeCameraParameters",
	"extrinsic" : 
	[
		0.96296772568414246,
		-0.21750077790652239,
		0.15933163810357298,
		0.0,
		0.15108202125846409,
		0.92476262883275162,
		0.34926823956208181,
		0.0,
		-0.22331005831168316,
		-0.3122618963696922,
		0.92337702263616916,
		0.0,
		-2.0758408142082083,
		-0.52712897126173641,
		1.7588022798468375,
		1.0
	],
	"intrinsic" : 
	{
		"height" : 1061,
		"intrinsic_matrix" : 
		[
			918.85295341528945,
			0.0,
			0.0,
			0.0,
			918.85295341528945,
			0.0,
			959.5,
			530.0,
			1.0
		],
		"width" : 1920
	},
	"version_major" : 1,
	"version_minor" : 0
}