{
	"class_name" : "PinholeCameraParameters",
	"extrinsic" : 
	[
		0.2620766348105415,
		-0.087895887942913309,
		0.96103597766634574,
		0.0,
		0.85080678377370855,
		-0.44895033358939018,
		-0.27307767146841794,
		0.0,
		0.45545982717581135,
		0.88922320642946684,
		-0.042876974896533047,
		0.0,
		-37.322164955956204,
		-5.4377944664718676,
		21.768082433550827,
		1.0
	],
	"intrinsic" : 
	{
		"height" : 1061,
		"intrinsic_matrix" : 
		[
			918.85295341528945,
			0.0,
			0.0,
			0.0,
			918.85295341528945,
			0.0,
			959.5,
			530.0,
			1.0
		],
		"width" : 1920
	},
	"version_major" : 1,
	"version_minor" : 0
}